-- AUTO-GENERATED by scripts/gen-seed.js from js/data.js — do not hand-edit.
-- Run AFTER supabase/schema_app.sql, in the Supabase SQL Editor.
begin;
truncate stock_recipe_ingredients, stock_recipes, stock_ingredients, packaging, week_plans, app_config restart identity cascade;

insert into stock_ingredients (name, cal, prot, fat, fib, carb, conversions) values
  ('sola blueberry bagel', 120, 15, 3.5, 28, 34, '{"bagel":1,"g":85,"oz":3,"tbsp":8.5,"whole bagel":1}'::jsonb),
  ('kirkland liquid egg whites', 50, 10.8, 0, 0, 0.8, '{"g":100,"mL":100,"oz":3.5,"tbsp":6.7,"cup":0.42}'::jsonb),
  ('low-fat cottage cheese (2%)', 25, 3.5, 0.7, 0, 1.5, '{"g":30,"tbsp":2,"tsp":6,"cup":0.12}'::jsonb),
  ('avocado oil spray', 9, 0, 1, 0, 0, '{"spray":1,"g":1}'::jsonb),
  ('white rice (uncooked)', 45, 0.9, 0.1, 0.3, 10, '{"tbsp":1,"g":12.5,"tsp":3,"cup":0.08}'::jsonb),
  ('black rice (uncooked)', 43, 0.9, 0.3, 1, 9, '{"tbsp":1,"g":12.5,"tsp":3,"cup":0.08}'::jsonb),
  ('brami pasta', 200, 12, 2.5, 6, 34, '{"g":56.7,"oz":2}'::jsonb),
  ('shelled edamame', 122, 11, 5, 5, 10, '{"g":100,"oz":3.5,"tbsp":6.7,"cup":0.7}'::jsonb),
  ('button mushrooms', 22, 3.1, 0.3, 1, 3.3, '{"g":100,"oz":3.5,"cup":1.4}'::jsonb),
  ('broccoli florets', 34, 2.8, 0.4, 2.6, 6.6, '{"g":100,"oz":3.5,"cup":1.1}'::jsonb),
  ('carrots', 41, 0.9, 0.2, 2.8, 9.6, '{"g":100,"oz":3.5,"cup":0.8}'::jsonb),
  ('red onion', 40, 1.1, 0.1, 1.7, 9.3, '{"large":1,"g":150,"oz":5.3}'::jsonb),
  ('garlic', 4, 0.2, 0, 0.1, 1, '{"cloves":1,"g":3}'::jsonb),
  ('sesame cooking oil', 40, 0, 4.5, 0, 0, '{"tsp":1,"g":4.5,"tbsp":0.33,"mL":5}'::jsonb),
  ('gochujang', 35, 1, 0.3, 0.5, 7, '{"tbsp":1,"g":15,"tsp":3}'::jsonb),
  ('coconut aminos', 25, 0.5, 0, 0, 6, '{"tbsp":1,"g":15,"mL":15}'::jsonb),
  ('extra firm tofu', 83, 9.8, 4.3, 1.2, 2.5, '{"g":100,"oz":3.5,"blocks":0.4}'::jsonb),
  ('soy sauce', 10, 1.3, 0, 0.1, 1, '{"tbsp":1,"g":15,"mL":15}'::jsonb),
  ('neutral cooking oil', 120, 0, 14, 0, 0, '{"tbsp":1,"g":14,"tsp":3,"mL":15}'::jsonb),
  ('plain nonfat greek yogurt', 57, 10.3, 0.4, 0, 3.6, '{"g":100,"oz":3.5,"cup":0.4}'::jsonb),
  ('medium eggs', 70, 6, 5, 0, 0.6, '{"whole":1,"g":50}'::jsonb),
  ('all-purpose flour', 364, 10, 1, 2.7, 76, '{"g":100,"oz":3.5,"cup":0.8}'::jsonb),
  ('vanilla protein powder (e.g. pe science)', 120, 24, 1.5, 1, 3, '{"g":31,"scoops":1}'::jsonb),
  ('oat flour', 389, 16, 7, 10, 66, '{"g":100,"cup":1.1,"tbsp":11}'::jsonb),
  ('granular swerve sweetener', 0, 0, 0, 0, 100, '{"g":100,"cup":0.5}'::jsonb),
  ('baking soda', 0, 0, 0, 0, 0, '{"g":1,"tsp":0.16}'::jsonb),
  ('salt', 0, 0, 0, 0, 0, '{"g":1,"tsp":0.16}'::jsonb),
  ('chocolate chips', 50, 0.5, 3, 0.5, 6.5, '{"g":10,"tbsp":0.7}'::jsonb),
  ('shiitake mushrooms', 34, 2.2, 0.5, 2.5, 6.8, '{"g":100,"cup":1.2}'::jsonb),
  ('doubanjiang', 15, 0.5, 0.3, 0.5, 2, '{"tbsp":1,"g":15}'::jsonb),
  ('sichuan peppercorns', 5, 0.1, 0.1, 0.5, 1, '{"tsp":1,"g":3}'::jsonb),
  ('ginger', 2, 0, 0, 0.1, 0.4, '{"inch":1,"g":6}'::jsonb),
  ('oyster sauce', 15, 0.2, 0, 0, 3.5, '{"tbsp":1,"g":15}'::jsonb),
  ('cornstarch', 30, 0, 0, 0.1, 7, '{"tbsp":1,"g":8}'::jsonb),
  ('chocolate protein powder', 120, 24, 1.5, 1, 3, '{"g":31,"scoops":1}'::jsonb),
  ('fat-free vanilla greek yogurt', 57, 10.3, 0.4, 0, 3.6, '{"g":100,"cup":0.4}'::jsonb),
  ('dark cocoa powder', 25, 2, 1.5, 3, 5.5, '{"g":10,"tbsp":1.3}'::jsonb),
  ('large eggs', 70, 6, 5, 0, 0.6, '{"whole":1,"g":50}'::jsonb),
  ('0% nonfat greek yogurt', 130, 24, 0, 0, 9, '{"cup":1,"g":240}'::jsonb),
  ('vanilla whey protein powder', 120, 24, 1.5, 1, 3, '{"scoops":1,"g":31}'::jsonb),
  ('baking powder', 0, 0, 0, 0, 1.1, '{"tsp":1,"g":4}'::jsonb),
  ('monk fruit sweetener', 0, 0, 0, 0, 100, '{"cup":1,"g":200}'::jsonb),
  ('high-protein bread (90 cals/slice)', 90, 9, 1, 5, 12, '{"slices":1}'::jsonb),
  ('low-calorie bread (for crumbs)', 30, 2, 0, 3, 5, '{"slices":1}'::jsonb),
  ('whole eggs (egg wash + tamagoyaki)', 70, 6, 5, 0, 0.6, '{"whole":1,"g":50}'::jsonb),
  ('smart balance light butter', 25, 0, 2.8, 0, 0, '{"tsp":1,"g":5}'::jsonb),
  ('fresh spinach', 7, 0.9, 0.1, 0.7, 1.1, '{"cups":1,"g":30}'::jsonb),
  ('heinz sugar-free ketchup', 5, 0, 0, 0, 1, '{"tbsp":1,"g":15}'::jsonb),
  ('russet potato (diced)', 110, 3, 0.1, 2, 26, '{"medium":1,"g":150}'::jsonb),
  ('carrot (diced)', 25, 0.5, 0.1, 1.7, 6, '{"medium":1,"g":61}'::jsonb),
  ('japanese curry roux cube', 90, 1, 6, 0.5, 8, '{"cube":1,"g":18}'::jsonb),
  ('almond flour', 40, 1.5, 3.5, 0.5, 1.5, '{"tbsp":1,"g":7}'::jsonb),
  ('fresh cilantro', 4, 0.1, 0, 0.1, 0.5, '{"bunch":1,"g":40}'::jsonb),
  ('jalapeño peppers', 4, 0.1, 0, 0.4, 0.9, '{"whole":1,"g":14}'::jsonb),
  ('olive oil', 120, 0, 14, 0, 0, '{"tbsp":1,"g":14,"mL":15}'::jsonb),
  ('chopped mixed vegetables', 25, 1, 0.1, 2, 5, '{"cups":1,"g":150}'::jsonb),
  ('parmesan cheese (grated)', 110, 9, 7, 0, 1, '{"cup":0.25,"g":20}'::jsonb),
  ('white onion (sliced)', 10, 0.3, 0, 0.4, 2.3, '{"whole":0.25,"g":25}'::jsonb),
  ('low-sodium soy sauce', 10, 1.3, 0, 0.1, 1, '{"tbsp":1,"g":15,"mL":15}'::jsonb),
  ('garlic & ginger', 4, 0.2, 0, 0.1, 1, '{"cloves/1-inch knob":1,"g":5}'::jsonb),
  ('vegetable broth', 15, 0.5, 0, 0.1, 3, '{"Liter":1,"cup":4}'::jsonb),
  ('uncooked jasmine rice (for powder)', 45, 0.9, 0.1, 0.3, 10, '{"tbsp":1,"g":12.5}'::jsonb),
  ('lemongrass stem', 5, 0.1, 0, 0.3, 1.2, '{"whole":1,"g":10}'::jsonb),
  ('shallot', 7, 0.2, 0, 0.3, 1.7, '{"whole":1,"g":10}'::jsonb),
  ('lime juice', 4, 0, 0, 0, 1.3, '{"tbsp":1,"g":15,"mL":15}'::jsonb),
  ('brown sugar', 15, 0, 0, 0, 4, '{"tbsp":1,"g":4}'::jsonb),
  ('sesame/peanut oil', 120, 0, 14, 0, 0, '{"tbsp":1,"g":14,"mL":15}'::jsonb),
  ('fresh herbs (mint/thai basil)', 5, 0.2, 0, 0.5, 1, '{"cup":1,"g":25}'::jsonb),
  ('unsweetened cocoa powder', 20, 1.5, 1.2, 2.5, 4.5, '{"tbsp":1,"g":7}'::jsonb),
  ('whey protein powder', 120, 24, 1.5, 1, 3, '{"tbsp":1,"g":10}'::jsonb),
  ('dark chocolate chips', 35, 0.3, 2, 0.3, 4.5, '{"tsp":1,"g":7}'::jsonb),
  ('sugar-free syrup', 10, 0, 0, 0, 2.5, '{"tbsp":1,"g":15}'::jsonb),
  ('unsweetened almond milk', 30, 1, 2.5, 1, 1, '{"tbsp":1,"g":15}'::jsonb),
  ('carrot stick bags', 20, 0.25, 0, 2, 4.5, '{"bags":1,"g":85}'::jsonb),
  ('fingerling potatoes', 77, 2, 0.1, 2.2, 17.5, '{"g":100,"oz":3.5,"cup":0.65}'::jsonb),
  ('yellow onion (diced)', 40, 1.1, 0.1, 1.7, 9.3, '{"g":100,"medium":0.91,"cup":0.63}'::jsonb),
  ('poblano pepper (chopped)', 20, 1, 0.2, 2, 6, '{"g":100,"whole":2.22,"cup":0.67}'::jsonb),
  ('whole peeled tomatoes (canned)', 20, 1, 0.2, 1, 4.5, '{"g":100,"oz":3.5,"cup":0.42}'::jsonb),
  ('fresh ginger', 80, 1.8, 0.8, 2, 18, '{"g":100,"tbsp":16.7,"tsp":50,"inch":16.7}'::jsonb),
  ('fresh mint (chopped)', 70, 3.8, 0.9, 8, 14.9, '{"g":100,"tbsp":50,"cup":5.3}'::jsonb),
  ('fresh cilantro or basil', 23, 2.1, 0.5, 2.8, 3.7, '{"g":100,"tbsp":100,"cup":6.25}'::jsonb),
  ('ground cumin', 375, 17.8, 22.3, 10.5, 44.2, '{"g":100,"tsp":47.6,"tbsp":15.9}'::jsonb),
  ('ground coriander', 298, 12.4, 17.8, 41.9, 55, '{"g":100,"tsp":55.6,"tbsp":18.5}'::jsonb),
  ('garam masala', 350, 14, 15, 25, 45, '{"g":100,"tsp":43.5,"tbsp":14.5}'::jsonb),
  ('sesame oil', 884, 0, 100, 0, 0, '{"g":100,"tsp":22.2,"tbsp":7.4,"mL":108}'::jsonb),
  ('cooking spray', 5, 0, 0.6, 0, 0, '{"light coat":1,"spray":1,"g":1}'::jsonb),
  ('sea salt', 0, 0, 0, 0, 0, '{"pinch":1,"g":0.36,"tsp":0.16}'::jsonb),
  ('kosher salt & black pepper', 0, 0, 0, 0, 0, '{"to taste":1,"g":1,"tsp":0.16}'::jsonb),
  ('fairlife 2% chocolate milk', 140, 13, 4.5, 1, 13, '{"cup":1,"g":240,"mL":240,"tbsp":16}'::jsonb),
  ('gluten-free oreos (optional mix-in)', 53, 0.3, 2.3, 0.3, 8.3, '{"cookies":1,"g":11.3}'::jsonb);

insert into stock_recipes (slug, title, "desc", type, week, base_macros, steps, freezer_tips, scaling_tip, position) values
  ('bagel', 'Blueberry Breakfast Bagel Sandwich', 'A fiber-packed delicious Sola Blueberry Bagel sandwich featuring waffled liquid egg whites and Greek cottage cheese shmear.', 'Breakfast', '{1,2}'::int[], '{"cal":205,"prot":31.5,"fat":4.2,"fib":28,"carb":36.5}'::jsonb, ARRAY['Preheat mini waffle maker. Coat top and bottom grids with avocado oil spray.','Measure out exactly 120g of liquid egg whites.','Slowly pour egg whites onto bottom grid, ensuring it does not overflow.','Close and let cook undisturbed for 2-3 minutes until set and steam slows.','Toast your Sola Blueberry Bagel. Spread cottage cheese evenly on both sides.','Assemble waffled egg white patty into Sola Blueberry Bagel and enjoy immediately.']::text[], 'Wrap Sola Blueberry Bagels and cooked waffled egg white patties separately in airtight plastic wrap. Toast the bagel straight from frozen, and microwave the egg white patty on high for 30-45 seconds.', null, 0),
  ('vegStirfry', 'Vegetable & Egg White Stir Fry', 'A high-volume lunch stir-fry packed with edamame, fresh broccoli, and onions, served with your real white/black rice mixture.', 'Lunch', '{1}'::int[], '{"cal":765,"prot":73,"fat":18,"fib":15.6,"carb":58}'::jsonb, ARRAY['Cook the scaled white and black rice mixture together in a small pot or rice cooker on Sunday.','In your largest wok, sauté the chopped mushrooms, garlic, and onions with sesame oil until fragrant and caramelized.','Add broccoli, chopped carrots, and 3 tbsp of water. Cover and let steam for 4 minutes.','Toss in edamame and continue cooking on high heat.','In a separate non-stick skillet, scramble your egg whites in batches until they form firm curds.','Mix Gochujang and coconut aminos. Combine the firm curds with the vegetable base, drizzle the sauce, and toss on high for 2 minutes.']::text[], 'Freeze in solid plastic meal prep containers for up to 3 months. To reheat, microwave directly from frozen on medium-high for 3 minutes, stir, and microwave for another 1-2 minutes until steaming.', null, 1),
  ('tofuStirfry', 'Tofu & Egg White Stir-Fry', 'An ultimate zero-waste high-volume dinner utilizing firm extra-firm tofu chunks, veggies, and egg whites. Perfect for meal prep and freezing, with a delicious gochujang-soy glaze.', 'Dinner', '{1}'::int[], '{"cal":662,"prot":54.1,"fat":22,"fib":6,"carb":31}'::jsonb, ARRAY['Cook white and black rice blend together.','Drain and pat dry extra-firm tofu. Sauté the tofu cubes in a large wok with oil until golden brown.','In corporate the broccoli and edamame. Sauté on medium with a splash of water, then cover and steam for 3 minutes.','Push vegetables to the sides. Pour egg whites in the center; cook and scramble until firm.','Combine Gochujang and soy sauce, pour over the mixture, and toss on high heat for 2 minutes to glaze.']::text[], 'Freezing extra-firm tofu gives it a highly enjoyable sponge-like, chewy texture. Store prepped bowls in the freezer. To reheat, microwave with a damp paper towel on top to retain maximum moisture.', null, 2),
  ('blondies', '9x13" Pan Protein Blondies', 'A dense high-protein vanilla choc-chip blondie baked in a standard 9x13 pan. Sliced into exactly 24 even 2x2" squares (eat 1 daily).', 'Dessert', '{1,3}'::int[], '{"cal":88,"prot":9.6,"fat":1.8,"fib":1,"carb":9.3}'::jsonb, ARRAY['Tip: Enter 24 servings in the multiplier to see the exact ingredients needed for a full 9x13" pan!','Preheat oven to 350°F (175°C). Line a standard 9x13" baking pan with parchment paper.','Whisk together yogurt, whole eggs, liquid egg whites, and vanilla extract.','In a separate bowl, whisk all-purpose flour, protein powder, oat flour, Swerve, baking soda, and salt.','Combine wet and dry bases. Mix thoroughly with a spatula to form a thick uniform batter, then fold in chocolate chips.','Spread evenly in the pan and bake for 22-25 minutes. Cool completely and slice into exactly 24 squares (6x4 grid).']::text[], 'Once completely cooled, wrap individual 2x2" squares tightly in plastic wrap. Freeze in a single layer. They thaw perfectly at room temperature in 10-15 minutes or inside your lunchbox by mid-day.', 'Scale to 24x to output ingredients for exactly 1 full 9x13" pan.', 3),
  ('mapoTofu', 'Vegetarian Mapo Tofu', 'A high-volume Sichuan classic utilizing minced shiitakes, firm tofu, and a silky egg white base.', 'Lunch', '{2}'::int[], '{"cal":757,"prot":61.5,"fat":25,"fib":9,"carb":37.8}'::jsonb, ARRAY['Cook your white and black rice blend.','Sauté minced mushrooms, garlic, and ginger with sesame oil until browned and highly fragrant.','Add Doubanjiang and crushed Sichuan peppercorns, cooking for 30 seconds to release aromatic red oils.','Push mushrooms to the side, pour in egg whites, let them set into firm curds, and scramble.','Fold in your cubed extra-firm tofu and soy sauce mixed with 1/2 cup of water. Simmer on high until thickened.']::text[], 'The spicy bean paste (Doubanjiang) and Sichuan peppercorns freeze exceptionally well without losing depth. Pack tightly into small flat containers. Microwave from frozen for 2.5 minutes on medium-high.', null, 4),
  ('silkyTofu', 'Soft Tofu with Silky Egg Sauce', 'Air-fried extra-firm tofu cubes layered over a rich, soft-stirred egg white vegetable sauce.', 'Dinner', '{2}'::int[], '{"cal":684,"prot":57.1,"fat":22.3,"fib":7.2,"carb":36}'::jsonb, ARRAY['Air-fry the cubed extra-firm tofu at 400°F (200°C) for 12-15 minutes until golden.','Cook your white/black rice mixture.','Sauté sliced mushrooms, garlic, and ginger in a large pan with a splash of water and sesame oil.','Push vegetables to the side. Pour in egg whites, stirring constantly to mimic soft, velvety silky scrambled curds.','Whisk soy sauce, oyster sauce, cornstarch, and water together. Pour over the eggs, add tofu cubes, and simmer until glazed.']::text[], 'Make sure to let the dish cool 100% to room temp before sealing to prevent condensation-induced ice crystals. If reheating at work, stir midway to recombine the velvety cornstarch slurry.', null, 5),
  ('pudding', 'Double Chocolate Protein Pudding', 'A rich chocolate post-workout snack utilizing fat-free Greek yogurt and high quality cocoa. Rounded to 0.25x portion.', 'Dessert', '{2}'::int[], '{"cal":74,"prot":11,"fat":1.8,"fib":0.5,"carb":3.5}'::jsonb, ARRAY['Add all dry ingredients (protein powder, dark cocoa, pinch of sea salt) into a small jar or bowl.','Whisk together with the fat-free vanilla Greek yogurt until smooth and lump-free.','Cover and store in the refrigerator to allow the cocoa powder to fully hydrate for 15 minutes before serving.','Top with chocolate chips and enjoy.']::text[], 'Due to the dairy base, do not freeze this dish solid as it will split. Instead, store it tightly in small jars inside the refrigerator. It stays completely fresh and smooth for up to 5 days.', null, 6),
  ('pancakes', 'Protein Pancakes', 'A clean low-fat breakfast utilizing whole eggs, Greek yogurt, and high quality vanilla whey.', 'Breakfast', '{3}'::int[], '{"cal":183,"prot":28,"fat":5,"fib":1,"carb":5.5}'::jsonb, ARRAY['Whisk eggs and nonfat Greek yogurt together in a medium bowl until smooth.','Fold in whey protein, baking powder, and monk fruit sweetener.','Heat a non-stick griddle over medium-low heat. Spray with light oil spray.','Spoon small dollops of batter onto the hot surface. Cook until bubbles form around the edges.','Carefully flip and cook for an additional minute until fluffy and fully set.']::text[], 'Stack cooked pancakes with sheets of parchment paper in between to prevent sticking. Seal in a freezer bag. Pop frozen pancakes straight into a toaster on a medium setting for a quick hot breakfast!', null, 7),
  ('curryLunch', 'Curry Bread Pocket Bento Box', 'A complete lunch system featuring two waffled curry bread pockets (4 slices of high-protein bread, with spinach folded into the filling) and a Tamagoyaki side.', 'Lunch', '{3}'::int[], '{"cal":778,"prot":80.1,"fat":26.1,"fib":21.8,"carb":66.6}'::jsonb, ARRAY['Trim the crusts/edges off the high-protein bread slices. Air-fry just the trimmed crusts at 300°F (150°C) until completely dry, then process them into breadcrumbs. Reserve the bread centers for the pockets.','Boil diced potato and carrot. Drain, then stir in the curry cube, fresh spinach, and liquid egg whites. Scramble over heat until the spinach wilts down and a thick, scoopable paste forms.','Divide the curry filling between the reserved bread centers (4 trimmed slices = 2 pockets), crimp each pocket shut, dip in egg wash, coat in the crust breadcrumbs, and air-fry raw at 350°F (175°C) until crispy.','Whisk whole eggs and cook layers in a pan, folding progressively into a log to form a classic Japanese Tamagoyaki.']::text[], 'Freeze Curry bread pockets RAW (before air frying). This prevents soggy structures. Air-fry from frozen at 350°F (175°C) for 10-12 minutes. Store cooked Tamagoyaki logs wrapped tightly, thaw in fridge.', null, 8),
  ('tofuPatties', 'Crispy Tofu Patties', 'Air-fried edamame-tofu patties over scrambled egg whites, accompanied by a cilantro-jalapeno cream sauce.', 'Dinner', '{3}'::int[], '{"cal":691,"prot":63,"fat":25,"fib":7.5,"carb":22.5}'::jsonb, ARRAY['Drain tofu, press thoroughly, and mash together with edamame, almond flour, cornstarch, and 50g of egg whites.','Form into patties and air-fry at 375°F (190°C) for 10-12 minutes, flip, and air-fry for 5-8 more minutes.','Scramble the remaining egg whites in a skillet until fully set.','Blend Greek yogurt, cilantro, jalapeños, garlic, and a splash of lime juice until smooth and creamy.','Plate the crispy patties over the set egg-white scramble, drizzle with sauce, and enjoy.']::text[], 'Air-fry the patties fully before freezing. Store in airtight Ziplocs with parchment paper separating them. Reheat in an air fryer at 350°F (175°C) for 6 minutes to restore crispiness.', null, 9),
  ('frittata', 'Egg White Veggie Frittata', 'A dense skillet-baked egg white wedge loaded with roasted broccoli florets and mushrooms.', 'Breakfast', '{4}'::int[], '{"cal":153,"prot":16.5,"fat":6.8,"fib":2,"carb":6.5}'::jsonb, ARRAY['Sauté onions and vegetables in olive oil in an oven-safe skillet until fully tender and moisture is completely evaporated.','Whisk liquid egg whites with salt, pepper, and Parmesan cheese.','Pour egg whites evenly over the vegetables in the pan.','Cook on low heat undisturbed for 10 minutes until edges are set.','Pop under the oven broiler for 2-3 minutes until the top is puffed and deeply golden.']::text[], 'Let the frittata cool 100% to room temperature before wrapping in plastic wrap to prevent trapped condensation. When microwaving at work, wrap tightly in a dry paper towel to catch any escaping moisture.', null, 10),
  ('ramen', 'Spicy Ramen-Style Tofu Soup', 'Hearty extra-firm tofu blocks and real black/white rice simmered in a hot Gochujang spinach broth, topped with soft scrambled egg whites.', 'Lunch', '{4}'::int[], '{"cal":689,"prot":62.8,"fat":14,"fib":12,"carb":39.4}'::jsonb, ARRAY['Cut the extra-firm tofu into bite-size blocks and pan-sear (or air-fry) until lightly golden and firm.','Cook your white/black rice mixture.','Sauté minced garlic and ginger. Whisk in Gochujang, soy sauce, and vegetable broth; simmer.','Add your rice and fresh spinach to the broth and cook until spinach is wilted.','Scramble egg whites separately in a skillet until velvety.','Drop the tofu blocks into the broth to warm through, then divide into containers with the egg whites and store.']::text[], 'Divide the broth and tofu blocks into separate airtight layers if possible. Freeze broth solid. To serve, defrost in microwave on high for 2 minutes, stir, then heat for an additional 1.5 minutes.', null, 11),
  ('laab', 'Vegan Tofu Laab', 'Finely crumbled extra-firm tofu tossed with toasted jasmine rice powder and lemongrass in a lime-tamari dressing. Rounded to a 0.85x portion.', 'Dinner', '{4}'::int[], '{"cal":779,"prot":37.4,"fat":29.3,"fib":6.8,"carb":35.1}'::jsonb, ARRAY['Sauté uncooked jasmine rice dry until golden and nutty, then crush into a coarse powder.','Whisk lime juice, brown sugar, soy sauce, and chili flakes in a bowl.','Crumble extra-firm tofu into small chunks.','Sauté lemongrass and sliced shallots in oil, add tofu, and cook until slightly crispy.','Toss base with the dressing, toasted rice powder, and fresh herbs; serve on butter lettuce.']::text[], 'Freeze the cooked tofu and aromatic lemongrass base dry on Sunday. Prepare your lime dressing separately. When ready to eat, thaw and reheat the tofu in a hot pan for 2 mins, then toss with the fresh dressing and fresh mint.', null, 12),
  ('mugcake', 'Protein Mug Cake', 'A dense personal cake cooked on-demand, featuring a molten dark chocolate chip center.', 'Dessert', '{4}'::int[], '{"cal":99,"prot":10.4,"fat":3.4,"fib":3,"carb":11}'::jsonb, ARRAY['Mix cocoa powder, oat flour, whey protein, and baking powder together in a jar.','When ready to bake, scoop dry base into a mug, add syrup and almond milk, and stir until completely smooth.','Push dark chocolate chips into the center of the batter.','Drop microwave power level to 70% to prevent dry seizing.','Microwave for 50-60 seconds (it should look slightly wet on the top), let rest for 1 minute, and serve.']::text[], 'Do not cook and freeze this cake! Instead, pre-mix the dry base in a mason jar. When you want a sweet treat, scoop out 4.5 tablespoons, add your wet ingredients, and microwave on-demand.', null, 13),
  ('eggSkillet', 'Spiced Tomato & Egg Skillet', 'A spiced baked-egg skillet over fingerling potatoes in a tomato, poblano & jalapeño sauce. Amounts shown are PER SERVING — scale to 6x in the Recipe Scaler to make the full 6-serving bake.', 'Breakfast', '{}'::int[], '{"cal":195,"prot":9.6,"fat":5,"fib":4.5,"carb":30}'::jsonb, ARRAY['PREP POTATOES: Boil potatoes in generously salted water until tender (~20 min for the full batch). Drain, cool slightly, and slice into 1/2-inch rounds.','SAUTE AROMATICS: Coat a large skillet with cooking spray over medium-high heat. Cook onion until almost tender (5-7 min). Add poblano and jalapeño; cook 3 min. Add ginger, garlic, cumin, garam masala, and coriander; cook 1 min until fragrant.','SIMMER SAUCE: Stir in the canned tomatoes and a little salt. Simmer on medium-low, breaking up the tomatoes with a fork, for 15 min. Stir in the mint and cilantro/basil; taste and adjust seasoning.','BAKE: Heat oven to 375°F. Arrange the potatoes in a single layer in a baking dish (9-inch square for the full 6-serving batch) and pour the hot sauce over them.','FINISH: Make one well per serving, crack an egg into each, and season with salt and pepper. Bake 8-13 min until whites are set but yolks stay runny. Garnish with extra herbs.']::text[], 'Best eaten fresh, but the spiced tomato-potato base freezes well WITHOUT the eggs. Freeze the sauce-and-potato base in portions; thaw, spread in a dish, then crack in fresh eggs and bake just before serving.', null, 14),
  ('proteinIceCream', 'Cottage Cheese Chocolate Protein Ice Cream', 'A Ninja Creami high-protein chocolate ice cream from cottage cheese + Fairlife chocolate milk. Amounts shown are PER SERVING (1/2 pint) — scale to 2x in the Recipe Scaler for the full 1-pint batch.', 'Dessert', '{}'::int[], '{"cal":171,"prot":26,"fat":3,"fib":1,"carb":17}'::jsonb, ARRAY['BLEND: Add the cottage cheese, chocolate milk, and protein powder to a high-speed blender. Blend until completely smooth with no curds remaining.','FREEZE: Pour into a Ninja Creami pint container, attach the lid, and freeze on a level surface for 18-24 hours.','FIRST SPIN: Lock the frozen pint into the outer bowl, load the machine, and run the "Ice Cream" (or "Lite Ice Cream") cycle.','RE-SPIN: If the texture looks powdery or crumbly, add 1 tbsp chocolate milk to the center and run "Re-spin" until creamy.','MIX-INS: Hollow out a channel down the center, add the crushed gluten-free Oreos (or chips / M&Ms), and run the "Mix-in" cycle. Serve immediately.']::text[], 'For leftovers, smooth the surface flat, put the lid on, and freeze up to 4 days. To finish later: lock the frozen pint back into the Creami, pour 1 tbsp chocolate milk on top, and run "Re-spin" to friction-thaw to soft-serve (do not scoop straight from the freezer).', null, 15);

insert into stock_recipe_ingredients (recipe_slug, position, name, amount, unit) values
  ('bagel', 0, 'Sola Blueberry Bagel', 1, 'bagel'),
  ('bagel', 1, 'Kirkland Liquid Egg Whites', 120, 'g'),
  ('bagel', 2, 'Low-Fat Cottage Cheese (2%)', 30, 'g'),
  ('bagel', 3, 'Avocado oil spray', 1, 'quick spray'),
  ('vegStirfry', 0, 'White Rice (Uncooked)', 1.95, 'tbsp'),
  ('vegStirfry', 1, 'Black Rice (Uncooked)', 0.975, 'tbsp'),
  ('vegStirfry', 2, 'Kirkland Liquid Egg Whites', 325, 'g'),
  ('vegStirfry', 3, 'Shelled Edamame', 195, 'g'),
  ('vegStirfry', 4, 'Button Mushrooms', 130, 'g'),
  ('vegStirfry', 5, 'Broccoli Florets', 130, 'g'),
  ('vegStirfry', 6, 'Carrots', 65, 'g'),
  ('vegStirfry', 7, 'Red Onion', 0.3, 'large'),
  ('vegStirfry', 8, 'Garlic', 2, 'cloves'),
  ('vegStirfry', 9, 'Sesame Cooking Oil', 2, 'tsp'),
  ('vegStirfry', 10, 'Gochujang', 1.3, 'tbsp'),
  ('vegStirfry', 11, 'Coconut Aminos', 1.3, 'tbsp'),
  ('tofuStirfry', 0, 'White Rice (Uncooked)', 2.55, 'tbsp'),
  ('tofuStirfry', 1, 'Black Rice (Uncooked)', 1.275, 'tbsp'),
  ('tofuStirfry', 2, 'Extra Firm Tofu', 340, 'g'),
  ('tofuStirfry', 3, 'Kirkland Liquid Egg Whites', 425, 'g'),
  ('tofuStirfry', 4, 'Shelled Edamame', 170, 'g'),
  ('tofuStirfry', 5, 'Broccoli Florets', 170, 'g'),
  ('tofuStirfry', 6, 'Gochujang', 1.7, 'tbsp'),
  ('tofuStirfry', 7, 'Soy Sauce', 1.7, 'tbsp'),
  ('tofuStirfry', 8, 'Neutral Cooking Oil', 1.25, 'tbsp'),
  ('blondies', 0, 'Plain Nonfat Greek Yogurt', 14.1, 'g'),
  ('blondies', 1, 'Medium Eggs', 0.125, 'whole'),
  ('blondies', 2, 'Kirkland Liquid Egg Whites', 6, 'mL'),
  ('blondies', 3, 'All-Purpose Flour', 7.5, 'g'),
  ('blondies', 4, 'Vanilla Protein Powder (e.g. PE Science)', 3.9, 'g'),
  ('blondies', 5, 'Oat Flour', 3.75, 'g'),
  ('blondies', 6, 'Granular Swerve Sweetener', 12, 'g'),
  ('blondies', 7, 'Baking Soda', 0.5, 'g'),
  ('blondies', 8, 'Salt', 0.125, 'g'),
  ('blondies', 9, 'Chocolate Chips', 2.6, 'g'),
  ('mapoTofu', 0, 'White Rice (Uncooked)', 3, 'tbsp'),
  ('mapoTofu', 1, 'Black Rice (Uncooked)', 1.5, 'tbsp'),
  ('mapoTofu', 2, 'Extra Firm Tofu', 400, 'g'),
  ('mapoTofu', 3, 'Kirkland Liquid Egg Whites', 500, 'g'),
  ('mapoTofu', 4, 'Shiitake Mushrooms', 200, 'g'),
  ('mapoTofu', 5, 'Doubanjiang', 2, 'tbsp'),
  ('mapoTofu', 6, 'Sichuan Peppercorns', 1, 'tsp'),
  ('mapoTofu', 7, 'Sesame Oil', 2, 'tsp'),
  ('mapoTofu', 8, 'Soy Sauce', 1, 'tbsp'),
  ('mapoTofu', 9, 'Garlic', 3, 'cloves'),
  ('mapoTofu', 10, 'Ginger', 1, 'inch'),
  ('silkyTofu', 0, 'White Rice (Uncooked)', 2.7, 'tbsp'),
  ('silkyTofu', 1, 'Black Rice (Uncooked)', 1.35, 'tbsp'),
  ('silkyTofu', 2, 'Extra Firm Tofu', 360, 'g'),
  ('silkyTofu', 3, 'Kirkland Liquid Egg Whites', 450, 'g'),
  ('silkyTofu', 4, 'Shiitake Mushrooms', 180, 'g'),
  ('silkyTofu', 5, 'Soy Sauce', 3.6, 'tbsp'),
  ('silkyTofu', 6, 'Oyster Sauce', 3.6, 'tbsp'),
  ('silkyTofu', 7, 'Cornstarch', 0.9, 'tbsp'),
  ('silkyTofu', 8, 'Sesame Oil', 1.5, 'tsp'),
  ('silkyTofu', 9, 'Garlic', 5, 'cloves'),
  ('silkyTofu', 10, 'Ginger', 1, 'inch'),
  ('pudding', 0, 'Chocolate Protein Powder', 7.75, 'g'),
  ('pudding', 1, 'Fat-Free Vanilla Greek Yogurt', 37.5, 'g'),
  ('pudding', 2, 'Dark Cocoa Powder', 6.25, 'g'),
  ('pudding', 3, 'Chocolate Chips', 1.75, 'g'),
  ('pudding', 4, 'Sea Salt', 0.1, 'pinch'),
  ('pancakes', 0, 'Large Eggs', 1, 'whole'),
  ('pancakes', 1, '0% Nonfat Greek Yogurt', 0.25, 'cup'),
  ('pancakes', 2, 'Vanilla Whey Protein Powder', 1, 'scoop'),
  ('pancakes', 3, 'Baking Powder', 0.5, 'tsp'),
  ('pancakes', 4, 'Monk Fruit Sweetener', 0.25, 'cup'),
  ('curryLunch', 0, 'High-Protein Bread (90 cals/slice)', 4, 'slices'),
  ('curryLunch', 1, 'Whole Eggs (egg wash + tamagoyaki)', 3.75, 'whole'),
  ('curryLunch', 2, 'Fresh Spinach', 2.5, 'cups'),
  ('curryLunch', 3, 'Heinz Sugar-Free Ketchup', 1.25, 'tbsp'),
  ('curryLunch', 4, 'Russet Potato (Diced)', 0.15, 'medium'),
  ('curryLunch', 5, 'Carrot (Diced)', 0.4, 'medium'),
  ('curryLunch', 6, 'Kirkland Liquid Egg Whites', 190, 'g'),
  ('curryLunch', 7, 'Japanese Curry Roux Cube', 0.4, 'cube'),
  ('tofuPatties', 0, 'Extra Firm Tofu', 500, 'g'),
  ('tofuPatties', 1, 'Kirkland Liquid Egg Whites', 625, 'g'),
  ('tofuPatties', 2, 'Shelled Edamame', 187, 'g'),
  ('tofuPatties', 3, '0% Nonfat Greek Yogurt', 1.25, 'cups'),
  ('tofuPatties', 4, 'Almond Flour', 5, 'tbsp'),
  ('tofuPatties', 5, 'Cornstarch', 1.25, 'tbsp'),
  ('tofuPatties', 6, 'Fresh Cilantro', 1, 'bunch'),
  ('tofuPatties', 7, 'Jalapeño Peppers', 2, 'whole'),
  ('tofuPatties', 8, 'Garlic', 5, 'cloves'),
  ('frittata', 0, 'Kirkland Liquid Egg Whites', 227, 'g'),
  ('frittata', 1, 'Olive Oil', 1, 'tbsp'),
  ('frittata', 2, 'Chopped Mixed Vegetables', 2.5, 'cups'),
  ('frittata', 3, 'Parmesan Cheese (Grated)', 0.25, 'cup'),
  ('frittata', 4, 'White Onion (Sliced)', 0.25, 'whole'),
  ('ramen', 0, 'White Rice (Uncooked)', 3, 'tbsp'),
  ('ramen', 1, 'Black Rice (Uncooked)', 1.5, 'tbsp'),
  ('ramen', 2, 'Extra Firm Tofu', 400, 'g'),
  ('ramen', 3, 'Kirkland Liquid Egg Whites', 500, 'g'),
  ('ramen', 4, 'Fresh Spinach', 200, 'g'),
  ('ramen', 5, 'Gochujang', 4, 'tbsp'),
  ('ramen', 6, 'Low-Sodium Soy Sauce', 2, 'tbsp'),
  ('ramen', 7, 'Garlic & Ginger', 3, 'cloves/1-inch knob'),
  ('ramen', 8, 'Vegetable Broth', 1, 'Liter'),
  ('laab', 0, 'White Rice (Uncooked)', 2.55, 'tbsp'),
  ('laab', 1, 'Black Rice (Uncooked)', 1.275, 'tbsp'),
  ('laab', 2, 'Extra Firm Tofu', 340, 'g'),
  ('laab', 3, 'Uncooked Jasmine Rice (for powder)', 1.275, 'tbsp'),
  ('laab', 4, 'Lemongrass Stem', 0.85, 'whole'),
  ('laab', 5, 'Shallot', 0.85, 'whole'),
  ('laab', 6, 'Lime Juice', 1.7, 'tbsp'),
  ('laab', 7, 'Brown Sugar', 1.275, 'tbsp'),
  ('laab', 8, 'Soy Sauce', 0.85, 'tbsp'),
  ('laab', 9, 'Sesame/Peanut Oil', 1, 'tbsp'),
  ('laab', 10, 'Fresh Herbs (Mint/Thai Basil)', 0.85, 'cup'),
  ('mugcake', 0, 'Oat Flour', 2, 'tbsp'),
  ('mugcake', 1, 'Unsweetened Cocoa Powder', 2, 'tbsp'),
  ('mugcake', 2, 'Whey Protein Powder', 1, 'tbsp'),
  ('mugcake', 3, 'Dark Chocolate Chips', 0.5, 'tsp'),
  ('mugcake', 4, 'Sugar-Free Syrup', 1, 'tbsp'),
  ('mugcake', 5, 'Unsweetened Almond Milk', 3, 'tbsp'),
  ('mugcake', 6, 'Baking Powder', 0.5, 'tsp'),
  ('eggSkillet', 0, 'Fingerling Potatoes', 113, 'g'),
  ('eggSkillet', 1, 'Cooking Spray', 1, 'light coat'),
  ('eggSkillet', 2, 'Yellow Onion (diced)', 0.17, 'medium'),
  ('eggSkillet', 3, 'Poblano Pepper (chopped)', 0.17, 'whole'),
  ('eggSkillet', 4, 'Jalapeño Peppers', 0.33, 'whole'),
  ('eggSkillet', 5, 'Fresh Ginger', 0.33, 'tbsp'),
  ('eggSkillet', 6, 'Garlic', 0.5, 'cloves'),
  ('eggSkillet', 7, 'Ground Cumin', 0.17, 'tsp'),
  ('eggSkillet', 8, 'Garam Masala', 0.17, 'tsp'),
  ('eggSkillet', 9, 'Ground Coriander', 0.08, 'tsp'),
  ('eggSkillet', 10, 'Whole Peeled Tomatoes (canned)', 132, 'g'),
  ('eggSkillet', 11, 'Fresh Mint (chopped)', 0.67, 'tbsp'),
  ('eggSkillet', 12, 'Fresh Cilantro or Basil', 0.33, 'tbsp'),
  ('eggSkillet', 13, 'Large Eggs', 1, 'whole'),
  ('eggSkillet', 14, 'Kosher Salt & Black Pepper', 1, 'to taste'),
  ('proteinIceCream', 0, 'Low-Fat Cottage Cheese (2%)', 0.5, 'cup'),
  ('proteinIceCream', 1, 'Fairlife 2% Chocolate Milk', 0.5, 'cup'),
  ('proteinIceCream', 2, 'Chocolate Protein Powder', 0.5, 'scoop'),
  ('proteinIceCream', 3, 'Gluten-Free Oreos (optional mix-in)', 2, 'cookies');

insert into packaging (name, retail_unit, unit_label, grams_per_unit, units_per_case, case_label, verified) values
  ('kirkland liquid egg whites', 'carton', 'cartons', 454, 6, 'case', true),
  ('shelled edamame', 'bag', 'bags', 227, 12, 'case', true),
  ('broccoli florets', 'bag', 'bags', 454, 4, 'case', true),
  ('extra firm tofu', 'container', 'containers', 454, 4, 'pack', true),
  ('button mushrooms', 'pack', 'packs', 680, 1, 'case', true),
  ('brami pasta', 'box', 'boxes', 454, 4, 'case', true),
  ('sola blueberry bagel', 'bagel', 'bagels', 85, 4, 'case', true);

insert into week_plans (week, breakfast, lunch, dinner, dessert) values
  (1, 'bagel', 'vegStirfry', 'tofuStirfry', 'blondies'),
  (2, 'bagel', 'mapoTofu', 'silkyTofu', 'pudding'),
  (3, 'pancakes', 'curryLunch', 'tofuPatties', 'blondies'),
  (4, 'frittata', 'ramen', 'laab', 'mugcake');

insert into app_config (id, snacks_baseline, base_calorie_goal, default_prep_days, daily_snack_key, daily_snack_count) values
  (1, '{"cal":80,"prot":1,"fat":0,"fib":8,"carb":18}'::jsonb, 1800, 7, 'carrot stick bags', 4);

commit;
